{
  "auto": {
    "hora": 1000,
    "dia": 30000,
    "semana": 30000,
    "abono": 75000,
    "5 horas": 11500,
    "estadía": 40000,
    "media estadía": 4000,
    "6 horas": 14000,
    "4 horas": 3000,
    "5 minutos": 84,
    "día": 7000,
    "8 horas": 5000,
    "mensual": 80000,
    "quincena": 45000,
    "semanal": 28000
  },
  "camioneta": {
    "hora": 1500,
    "dia": 48000,
    "abono": 120000,
    "semana": 45000,
    "5 horas": 18500,
    "estadía": 64500,
    "media estadía": 6000,
    "6 horas": 22000,
    "4 horas": 5000,
    "día": 11000,
    "5 minutos": 125,
    "8 horas": 9000,
    "quincena": 75000,
    "mensual": 150000,
    "semanal": 40000
  },
  "moto": {
    "hora": 600,
    "dia": 12500,
    "abono": 31000,
    "semana": 17000,
    "5 horas": 4500,
    "estadía": 20000,
    "media estadía": 2400,
    "6 horas": 5000,
    "4 horas": 2000,
    "día": 4000,
    "5 minutos": 50,
    "8 horas": 3500,
    "mensual": 55000,
    "quincena": 30000,
    "semanal": 15000
  },
  "plato volador": {
    "hora": 5000,
    "abono": 130000,
    "5 horas": 24000,
    "media estadía": 14000,
    "4 horas": 16000,
    "estadía": 69000,
    "semana": 120000
  },
  "suv": {
    "hora": 6000,
    "5 horas": 29000,
    "media estadía": 42000,
    "4 horas": 18000,
    "estadía": 71000,
    "semana": 145000,
    "abono": 175000
  }
}